Workbook

Sheet 안내
A1: 고인돌의 별자리 — 데이터 수정용 엑셀
A3: 이 파일을 고쳐서 다시 보내주시면 웹페이지(HTML)를 새로 만들어 드립니다.
A5: 시트 설명
A6: 노드: 화면의 별 하나가 한 줄입니다. 이름, 분류, 설명을 자유롭게 고치고, 새 별은 맨 아래 줄에 추가합니다.
A7: 연결: 두 별을 잇는 선입니다. 한 줄이 선 하나이고, 시작id와 끝id는 노드 시트의 id를 고르면 됩니다.
A8: 분류: 별의 그룹과 색입니다. 새 그룹을 만들면 노드 시트의 분류 칸에서 고를 수 있습니다.
A10: 수정 규칙
A11: 1. id는 노드마다 달라야 하고 한 번 쓰면 바꾸지 않는 것이 안전합니다. 영문·숫자로 쓰세요. (예: b8)
A12: 2. 별을 지우려면 노드 시트의 줄과, 연결 시트에서 그 id가 들어간 줄을 함께 지웁니다.
A13: 3. 출처·메모 칸은 연구용 메모입니다. 지금 화면에는 나오지 않으며, 화면에 보이길 원하시면 알려주세요.
A14: 4. 철학(p) 분류의 내용은 자료 원문이 아니라 연구 방향을 정리한 해석 초안입니다.
A16: 예시 (새 별 추가)
... A28: C28의 위치값 맨 앞에 있던 쉼표를 지웠습니다.

Sheet 노드
A1: id | B1: 이름 | C1: 분류(코드) | D1: 설명 | E1: 사진 | F1: 기억의 역할 | G1: 기억의 눈 (초안)
A2: a1 | B2: 일제시대의 청동기 | C2: a | D2: 청동기시대 개념이 없던 시기입니다. 김해패총 조사에서 석기와 청동기가 함께 나오자 금석병용기라는 모호한 개념이 세워졌습니다. | F2: 기능기억 | G2: 당시 학계가 만든 개념이 청동기를 이해하는 틀이 되었습니다. 어떤 과거를 어떻게 정리할지 정한 학문의 모습입니다.
A3: a2 | B3: 금석병용기 폐기 | C3: a | D3: 1950년대 북한에서 무문토기 출토 유적이 조사되며 부정되었고, 남한에서는 1960년대에 폐기되어 청동기시대 개념이 자리 잡았습니다. | F3: 저장기억 | G3: 새 조사 자료가 쌓이며 기존 개념이 폐기되었습니다. 저장된 자료가 기억의 틀을 바로잡은 사례입니다.
A4: a3 | B4: 1960~70년대 연대 논쟁 | C4: a | D4: 도유호, 김정학, 김원룡, 윤무병, 김정배 등이 서로 다른 상한과 하한을 제시했습니다. | F4: 저장기억 | G4: 저장된 자료는 하나인데 학설은 여러 갈래입니다. 자료가 있어도 어떻게 읽을지는 정해져 있지 않습니다.
A5: a4 | B5: 1980년대 연구 | C5: a | D5: 연대관이 평행선을 달리는 가운데, 최성락은 방사성탄소연대를 재계산해 기원전 1300~1200년을 제시했고 이형구는 발해만 지구에서 기원을 찾았습니다. | F5: 저장기억
A6: a5 | B6: 연대의 세 갈래 | C6: a | D6: 청동기 개시를 기원전 1000년경, 7~8세기, 5세기 전후로 보는 세 견해가 맞섭니다. 무문토기 단계를 보는 시각, 담당 종족, 유입 경로에 따라 갈립니다. | F6: 기능기억 | G6: 담당 종족과 유입 경로를 어떻게 보느냐에 따라 연대가 갈립니다. 집단이 어떤 기원을 기억하고 싶은지가 해석에 스며들 수 있는지 물어볼 수 있습니다.
A7: a6 | B7: 청동기 기원 경로 | C7: a | D7: 시베리아 카라수크·타가르 계통, 요령과 중국(화중, 은허) 계통 등의 가설이 맞섭니다. 요령식동검과 세형동검을 다른 문화로 볼지도 쟁점입니다. | F7: 기능기억 | G7: 기원을 어디서 찾느냐는 집단이 자신을 어떻게 기억하느냐와 얽히는 물음입니다.
A8: a7 | B8: 청동기 제작 집단 | C8: a | D8: 청동기 제작 집단이나 공방의 발견이 실체 파악에 필요하다고 지적합니다. 요령과 시베리아 유적까지 직접 발굴해야 한다고 봅니다. | F8: 저장기억 | G8: 아직 발견되지 않은 자료가 있다는 것은 저장기억에 빈 곳이 있다는 뜻입니다.
A9: a8 | B9: 사회 변화 | C9: a | D9: 농경이 발전하면서 생산물이 늘어나고, 이를 둘러싼 사회적 관계도 변화하였습니다. 청동기시대의 무덤과 부장품은 당시 사회의 차이를 살펴볼 수 있는 자료로 연구됩니다. | F9: 저장기억
A10: a9 | B10: 의례 | C10: a | D10: 청동기시대 유적에서는 무덤뿐 아니라 의례와 관련된 공간과 유물이 확인됩니다. 고인돌 역시 무덤과 장송의례를 이해하는 중요한 자료입니다. | F10: 기능기억 | G10: 의례는 기억을 되풀이해 살아 있게 하는 대표적인 방식으로 논의됩니다.
A11: b1 | B11: 기원과 전파 | C11: b | D11: 시베리아 카라수크 돌널무덤 계통의 북방설, 동남아시아에서 왔다는 남방설, 한반도에서 독립적으로 생겼다는 자생설이 있습니다. | F11: 저장기억
A12: b2 | B12: 바둑판식(남방식) 고인돌 | C12: b | D12: 판석, 깬돌(割石), 냇돌 등을 사용하여 지하에 돌방을 만들고, 뚜껑돌과 돌방 사이에 3∼4개 또는 그 이상의 받침돌(支石)을 괸 형태의 고인돌입니다. 주로 전라도 · 경상도 등 한강 이남지역에 분포합니다. | F12: 매체
A13: b3 | B13: 개석식(지상석곽식 ) | C13: b | D13: 뚜껑돌과 지하 돌방 사이에 받침돌 없이 뚜껑돌이 직접 돌방을 덮고 있는 형식의 고인돌입니다. ＜무지석식(無支石式)＞ 또는 ＜놓인 형 고인돌＞이라고도 하는데, 남방식 고인돌에 포함시키기도 합니다. 개석식 고인돌의 또 다른 특징은 돌방 주위 사면에 얇고 납작한 돌을 평탄하게 깔아 놓은 적석시설(積石施設)입니다. 국토 전역에 걸쳐 분포하고 있으며 숫자상으로도 가장 많습니다. | F13: 매체
A14: b4 | B14: 돌덧널(석관묘) | C14: b | D14: 땅속에 깊이 움을 파고 깬돌이나 모난돌을 사용하거나 또는 깬돌과 판돌로 관을 싸는 덧널을 직사각형으로 쌓아 만든 무덤형태 입니다. | F14: 매체
A15: b5 | B15: 돌널(석곽) | C15: b | D15: 돌널무덤은 고인돌, 돌뚜껑움무덤, 독널무덤과 더불어 한국 청동기시대의 대표적인 무덤 양식 중 하나입니다. 돌널무덤은 지하에 묘광을 파고 판돌이나 깬돌 등으로 장방형의 매장주체부를 만들고 그 위에 1매 이상의 뚜껑돌을 덮은 무덤 양식을 의미합니다. | F15: 매체
A16: b6 | B16: 형식 분류 | C16: b | D16: 북방식(탁자식), 남방식(기반식), 개석식으로 나눕니다. 북방식은 주로 한강 이북, 남방식은 한강 이남, 개석식은 한반도 전역에 분포합니다. | F16: 저장기억 | G16: 분류는 흩어진 돌에 이름을 붙여 보관하는 저장의 방식입니다.
A17: b7 | B17: 형식의 변천 | C17: b | D17: 북방식이 먼저 나타나 남으로 퍼졌다는 전통적 견해, 남방식을 말기 형식으로 보는 설, 개석식을 원초형으로 보는 설이 있습니다. 북한은 침촌형에서 오덕형으로 발전했다고 봅니다. | F17: 저장기억
A18: b8 | B18: 세계의 고인돌 | C18: b | D18: 유럽에서는 보정된 방사성탄소연대로 기원전 4000년대까지 오른다고 보고됩니다. 프랑스, 영국, 중국, 일본, 인도, 러시아 사례를 함께 다룹니다. | F18: 매체 | G18: 돌에 기억을 맡기는 방식이 한 곳의 일이 아니었음을 보여 줍니다.
A19: b9 | B19: 주요 유적 | C19: b | D19: 강화, 고창, 부안, 화순 등 대표 유적을 개별 장으로 다룹니다. 고창 도산리는 남쪽에서 드물게 북방식이 발견되는 사례로 언급됩니다. | F19: 기능기억 | G19: 일부 유적은 보존과 전시를 거치며 기억의 무대 위로 올라옵니다.
A20: b10 | B20: 사회복원 | C20: b | D20: 지석묘 사회 연구의 이론과 방법, 형식 분류, 계급의 발생을 다룹니다. 뚜껑돌의 채석과 운반은 인구, 경제, 정치와 얽힌 문제로 봅니다. | F20: 저장기억 | G20: 고고학은 돌에서 사회를 다시 짜 맞춥니다. 복원은 기억이 아니라 재구성이라는 점을 짚어 볼 수 있습니다.
A21: b11 | B21: 보존과 활용 | C21: b | D21: 고고문화재의 효율적 관리와 지석묘의 보존 관리, 활용 방안을 다룹니다. | F21: 기능기억 | G21: 무엇을 지키고 어떻게 보여 줄지 정하는 일은 기억을 선택하는 일입니다.
A22: b12 | B22: 탁자식 고인돌 | C22: b | D22: 탁자식고인돌은 넓은 판석으로 축조한 무덤방이 지상에 노출되어 있는 형식으로, 판석 4매 혹은 6매 이내로 짜 맞춘 석실 위에 납작한 덮개돌이 올려진 것이다. 주로 한강 이북에서 중국 요령지방에 집중 분포되어 있기 때문에 북방식(北方式)으로 불리기도 한다. 북한에서는 오덕형(五德形)이라 하고, 중국에서는 집모양인 것에서 석붕(石棚)이라고 한다. | F22: 매체
A23: b13 | B23: 기반식 고인돌 | C23: b | D23: 기반식고인돌은 남방식고인돌 또는 바둑판식고인돌이라고도 불리며, 주로 전라도와 경상도 등 한강 이남 지역에 분포하고 있습니다. 판돌(板石), 깬돌(割石), 냇돌(川石) 등을 이용해 지하에 무덤칸을 만든 뒤, 그 위에 덮개돌(上石)을 놓고 무덤칸과 덮개돌 사이에 3개에서 4개 이상(또는 그 이상의) 고임돌(支石)을 배치하는 형태입니다. | F23: 매체
A24: d0 | B24: 거석문화 | C24: d | D24: 고인돌을 비롯한 거석문화의 분포는 북유럽, 서유럽, 지중해 연안지역, 인도, 동남아시아, 동북아시아 지역으로 유라시아 대륙을 에워싸고 있는 거의 세계적인 분포를 보이고 있다. | F24: 매체 | G24: 돌에 기억을 맡기는 방식이 한 지역을 넘어 공유되었음을 보여 줍니다.
A25: d1 | B25: 열석 | C25: d | D25: 열석은 선돌이 한 줄이나 여러 줄이 평행으로 세워진 석열(石列) 형태이다. 유럽 특히 프랑스 브레타뉴지방의 열석이 대표적이지만 우리나라에서는 발견되지 않고 있다. 이런 열석은 제사와 관련된 것으로 보는 견해와 하지나 동지와 관련된 의례행위, 하루의 시간이나 계절을 추정하는 기능으로 보기도 한다. | F25: 매체
A26: d2 | B26: 환상열석 | C26: d | D26: 환상열석은 선돌을 원형으로 배열한 형태로, 한 열 또는 이중으로 배열한 것이 있다. 대표적인 것이 영국의 스톤헨지(Stone Henge)로 여기에 사용된 청석은 210km 떨어진 곳에서 이동해 온 거석으로 30개 정도의 돌을 원형으로 세우고 그 위를 연결시킨 것이다. 이러한 환상열석은 장례와 관련되는 특수 의식 장소로 보는 견해와 하지 때 일출과 관련하여 천체관측의 기능으로 보는 견해가 있다. | F26: 매체
A27: d3 | B27: 선돌 | C27: d | D27: 선돌은 고인돌과 함께 거석문화를 대표하는 것으로 하나의 돌을 수직으로 세워 놓은 형태를 말한다. 선돌의 기원은 일반적으로 생산과 풍요를 기원하는 남근(男根)숭배와 관련된 것으로 보고 있다. | F27: 매체
A28: d4 | B28: 석상 | C28: d | D28: 석상은 돌에 사람의 얼굴 등 형상을 묘사하여 세워놓은 것을 말한다. 우리나라에 흔한 벅수(장승)나 제주도에 많은 돌 하루방, 묘 앞에 세워진 문· 무인석 같은 형태를 말한다. 이 석상은 여러 나라에서 발견되지만 남태평양에 있는 조그마한 이스터섬의 석상이 대표적이다. | F28: 매체
A29: dol | B29: 고인돌(지석묘) | C29: c | D29: 선사시대 돌무덤의 한 유형으로 거석문화에 속하며, 무덤의 기능을 한 것으로 인식됩니다. | F29: 매체 | G29: 문자 없는 사회가 남긴 거대한 기념물입니다. 무엇을 기억하려 했는지는 전해지지 않고, 기억하려 한 행위만 돌로 남았습니다.
A30: k1 | B30: 금강 유역 고인돌 | C30: k | D30: 대상 유물이 출토된 지역인 금강 유역의 고인돌을 알아봅니다. | F30: 매체 | G30: 한 유역에 모인 돌들은 같은 기억의 공간이 남긴 흔적으로 읽어 볼 수 있습니다.
A31: k10 | B31: 군산 나포리 지석묘군 | C31: k | D31: 나장초등학교 북동쪽 산구릉에 4기의 지석묘가 자리하고 있다. 지석은 확인되지 않으며, 개석은 남북으로 장축방향을 두고 있다. 지석이 있는 것도 있으며, 선돌로 보이는 것도 1기 있다. | F31: 매체
A32: k11 | B32: 군산 선제리 지석묘군 | C32: k | D32: 옥구교회에서 서쪽으로 약 250m 쯤 떨어진 지역의 구릉 위에 2기의 지석묘가 자리하고 있다. 이 지역은 월명산에서 길게 뻗어 내린 능선이 끝나면서 형성된 얕은 구릉지대로 대부분의 지역이 오래 전에 밭으로 개간된 상태이다. 1호 지석묘는 장축 305cm, 단축 246cm, 두께는 115cm 로 지석은 보이지 않고 남북으로 장축방향을 두고 있다. 이 지석묘는 개석의 일부가 땅 속에 묻혀 있지만 보존상태는 비교적 양호한 편이다. 이 지석묘에서 동쪽으로 5m쯤 떨어진 지점에 자리한 2호 지석묘는 최근에 개석이 심하게 파손되어 일부만 남아있다. | F32: 매체
A33: k12 | B33: 군산 여방리 지석묘군 B | C33: k | D33: 수심마을은 오성산(227m) 동쪽 기슭의 하단부에 자리하고 있는데, 이 마을의 동쪽에는 오성산에서 동남쪽으로 뻗어 내린 능선이 마을의 동쪽 지역을 감싸고 있다. 능선은 동쪽 기슭의 중앙에서 시작해 남전마을까지 계속되고 있는데, 지석묘는 수심마을에서 북동쪽으로 300m 남짓 떨어진 능선의 정상부에 자리하고 있다. 지석묘는 동남쪽으로 뻗어 내린 주능선의 정상부에 1기가 자리하고 있으며, 그 주변지역에는 개석으로 추정되는 2기의 판석형 석재가 북쪽 기슭을 따라 기울어진 상태로 놓여 있다. 판석형 개석은 남쪽으로 약간 기울어진 상태로 능선과 평행되게 남북으로 장축방향을 두고 있으며, 그 상면에는 많은 수의 성혈이 선명하게 남아있다. 이 지석묘는 3개의 지석이 개석을 받치고 있는 지석식으로, 그 규모는 남북길이 406cm, 동서폭 385cm, 두께 96cm이다. 이것은 지금까지 군산을 비롯하여 금강 하류지역에서 조사된 지석묘 중 최대규모이고, 그 보존상태가 매우 양호하여 장차 이 지역의 선사시대를 연구하는데 있어 값진 자료로 주목을 받고 있다. | F33: 매체
A34: k13 | B34: 논산 신기리 고암 지석묘 | C34: k | D34: 1949년부터 그 존재가 알려졌으며 1965년 국립중앙박물관에서 2기, 1973년 국립부여 박물관에서 1기를 발굴 조사하였다. 장선천의 천변에 지석묘 20여기가 남아 있다. 지석묘는 석실을 판석으로 지상에 세우고 그 위에 상석을 올린 탁자식과 하부구조가 지하에 있고 지상에 상석을 관의 뚜껑처럼 덮은 개석식으로 구분된다. 1호와 2호는 탁자식 지석묘이며, 3호 지석묘는 개석식 지석묘이다. | F34: 매체
A35: k14 | B35: 칠성당지석묘군 | C35: k | D35: 대전 유성구 교촌동의 마을 뒷산에 있는 남방식 고인돌로 모두 7기가 밀집되어 있다. 이 고인돌은 작은 것은 길이 1m, 큰 것은 약 7m로 다양하며, 일부는 받침돌이 지상에 노출되어 있다. 옛날에 아기를 낳지 못한 한 여인이 북두칠성 모양을 한 7개의 바위들을 발견하고 백일 동안 하루도 빠지지 않고 아들 낳기를 빌어 얼마 후에 아들을 낳아 소원을 성취했다는 내용의 전설이 전해지고 있다. 이때부터 사람들은 바위들이 대단한 영험을 지니고 있다고 믿게 되었고, 칠성바위를 대상으로 제사를 지내며 마을의 무사태평과 안녕을 기원했다고 한다. | F35: 매체
A36: k2 | B36: 금산 천내리 고인돌 | C36: k | D36: 모두 12기의 고인돌로 천내강을 굽어보고 있다. 마을에서는 이 고인돌들을 팔선바위라 하여 신성시하고 함부로 건드리지 않는다. 주변 입지는 용화리에서 흘러온 금강의 물줄기가 이 구릉을 S자 형태로 휘어돌아 충청북도 영동 쪽으로 빠져나가고 금산읍에서 나오는 봉황천과 천내천이 합류하는 곳이다. 천내리 고인돌의 형태는 개석식 또는 바둑판식이며, 개석의 형태는 사각형 또는 부정형이며 200m 안팎의 크기이다. 주민들에 의하면 예전에 고인돌이 있는 곳에서 돌칼, 돌화살촉과 붉은 토기 등이 출토되었다고 한다. | F36: 매체
A37: k3 | B37: 비래동고인돌 | C37: k | D37: 비래동 비래골 마을회관 앞 논에 고인돌 2기가 있고, 맞은편 구릉 정상부에 1기의 고인돌이 있다. 1호 고인돌은 덮개돌의 절반이 마치 입석처럼 세워져 있는데, 1963년 새마을 운동 당시 동네 주민들이 덮개돌을 쪼개 표면에 새마을기를 그려 넣었다고 한다. 2호 고인돌은 1호 고인돌에서 동쪽으로 약 5m 떨어진 곳에 있으며, 덮개돌의 규모는 길이 2.9m, 너비 2.6m이고 표면에는 알구멍<성혈(性穴):풍년을 기원하거나 자식낳기를 기원하는 의미에서 만든 구멍> 16개가 불규칙적으로 표현되었다. | F37: 매체
A38: k4 | B38: 충주 조동리 고인돌 | C38: k | D38: 조동리 지석묘는 바둑판식 고인돌로서 3층 구조의 특이한 외부구조를 갖추고 있고, 보존상태도 매우 양호하며, 청동기시대의 묘제연구에 중요한 학술 자료가 된다. 특히, 조동리 선사시대(신석기∼청동기) 생활유적과 인접하고 있어 중원지방의 청동기시대 생활문화상을 연구하는데 매우 중요한 유적이다. | F38: 매체
A39: k5 | B39: 충주 신청리 고인돌 | C39: k | D39: 이 지석묘는 충주시 신니면 신청리 502에 위치한 지석묘이다. 개석식 지석묘로 본래의 모습을 잘 유지하고 있으며 덮개돌 윗면에 크고 작은 굼<性穴>이 141개 분포하고 있어 선사시대 거석문화 연구, 특히 매장행위와 관련된 중요한 자료이다. | F39: 매체
A40: k6 | B40: 옥천 석탄리 고인돌 | C40: k | D40: 옥천지석묘는 탁자식 고인돌로, 4면에 널돌을 세우고 그 위로 길고 평평한 덮개돌을 얹은 모습이었는데, 현재는 앞뒷면 널돌은 사라지고 양쪽면에만 널돌이 남아있다. 이곳에서 발견된 유물은 갈돌대, 돌쩌귀, 돌칼, 돌화살촉, 그물추, 구멍쪼으개, 여성을 나타낸 얼굴조각, 토기 등 이다. 주로 식생활에 관련된 유물이 많아 묻힌 사람은 여자였을 것으로 판단된다. | F40: 매체
A41: k7 | B41: 금산 용화리 고인돌 | C41: k | D41: 3기의 고인돌은 구릉에 일렬로 배치되어 있는데 교란이 심하여 모두 덮개돌만 남아 있다. 특히 밭과 인접해 있는 2호 고인돌은 경작으로 인해 유구가 훼손된 것으로 보이며 상석(床石)마저 쪼개져 있다. 고인돌의 형식 역시 심하게 훼손되어 단정하기는 어려우나 고임돌의 흔적이 발견되지 않는 것으로 보아 개석식이었을 것으로 추정된다. 덮개돌은 타원형 또는 정사각형이며 크기도 150∼280㎝ 안팎의 비교적 작은 편이다. | F41: 매체
A42: k8 | B42: 보령 죽청리 고인돌 | C42: k | D42: 웅천읍 죽청리 장터마을(기현부락)에 있는 12기의 고인돌이다. 이곳은 장터마을의 중앙으로 많은 고인돌이 집중적으로 분포한 곳이다. 장터마을에는 이곳 외에도 많은 고인돌이 있었으나 이곳을 제외하고 대부분이 훼손되었다. 대부분의 고인돌은 편마암인데, 동북쪽 산지에는 많은 편마암 노두가 있어 이곳에서 옮겨다 만들었을 것으로 추측된다. | F42: 매체
A43: k9 | B43: 군산 나운동 지석묘 | C43: k | D43: 대전마을의 이석우씨 댁(나운동 232번지) 북방 약 120m 지점에 위치하고 있었다. 이 지석묘는 속칭 '중바위'라고 하는데 이 부락에는 원래 '개바위' 혹은 '애기바위' 등 전설에 얽힌 바위가 있었다. 그 중 '개바위'는 대전마을에서 동쪽으로 100여m 지점에 있었는데 1962년 새마을 사업용으로 석재를 취하기 위해 파괴하는 과정에 '개바위'밑에서 석실 구조가 발견되었다고 한다. 이것으로 미루어 보면 '개바위'도 지석묘이었을것으로 추정된다. '애기바위'는 대전마을의 북방 150m 지점인 표고 30m 가량의 산 위에 있었는데 여러 개의 암석 덩어리가 겹겹이 쌓여 있었다. 이들 암석(수성암)덩어리에서 지석묘의 개석을 절취해 간 것으로 추정된다. | F43: 매체
A44: n1 | B44: 명칭 | C44: n | F44: 소통적 기억 | G44: 돌 표면의 흔적에 사람들이 붙여 온 이름들입니다. 이름은 소통적 기억이 돌에 닿은 자리입니다.
A45: n2 | B45: 성혈 | C45: n | D45: 성혈(性穴, cup-mark)이란 선사시대 예술의 일종으로, 돌 표면을 깎거나 파내어 도형을 만든 것이다. | F45: 매체 | G45: 돌 표면에 새긴 홈입니다. 새긴 이유는 알 수 없지만, 새겼다는 사실은 남아 있습니다. 이 전시의 핵심 장면입니다.
A46: n3 | B46: 알 구멍 바위 | C46: n | D46: 주로 청동기시대 등 선사시대 사람들이 바위 표면을 작은 돌로 비비고 마찰시켜 구멍을 파낸 유적이다. | F46: 소통적 기억
A47: n4 | B47: 알뫼 | C47: n | D47: 주로 청동기시대 등 선사시대 사람들이 바위 표면을 작은 돌로 비비고 마찰시켜 구멍을 파낸 유적이다. | F47: 소통적 기억
A48: n5 | B48: 알 바위 | C48: n | D48: 주로 청동기시대 등 선사시대 사람들이 바위 표면을 작은 돌로 비비고 마찰시켜 구멍을 파낸 유적이다. | F48: 소통적 기억
A49: n6 | B49: CUP-MARK | C49: n | D49: 성혈(性穴, cup-mark)이란 선사시대 예술의 일종으로, 돌 표면을 깎거나 파내어 도형을 만든 것이다. | F49: 소통적 기억
A50: p1 | B50: 문화적 기억 | C50: p | D50: 얀 아스만의 문화적 기억 이론은 역사에서 배제된 집단 기억을 연구하며, 이는 문화적으로 창출된 기억이 집단의 현재와 미래에 대한 기대와 희망을 담고 있음을 의미합니다. | F50: 해석틀
A51: p10 | B51: 아스만 부부 | C51: p | D51: 아스만 부부는 의사소통적 기억과 대치되는 문화적 기억 이론을 제시하며 역사에서 배제된 집단기억을 연구했습니다. | F51: 해석틀
A52: p11 | B52: 얀 아스만 『문화적 기억과 초기 문명』 | C52: p | D52: 문화적 기억이란 말 그대로 문화적으로 창출된 기억이다. 집단의 현재와 미래에 대한 기대와 희망이 그 속에 담겨있다. 이 책은 그것이 구체적으로 무엇인지, 고대 이래 그것이 어떤 메커니즘을 통해 형성, 발전, 변이, 망각, 재생되었는지, 그것이 어떤 기능을 수행해 왔는지, 그리고 그것이 핵심 고대문명의 발전에 어떤 영향을 미쳤는지 등을 고찰한다. 무엇보다 아스만은 초창기 문명의 형성 및 발전 과정을 이끈 다양한 문화적 요소 중, 우리가 전통, 과거 혹은 역사의식, 신화적 세계관, 자기 인식 등으로 부르는 모든 것을 포괄하는 개념으로 “문화적 기억”을 제안한다. 나아가 고대문명의 성쇠와 밀접하게 연관된 그러한 문화적 요소들을 역사/신화전설의 이분법적 틀을 넘어서 문화적 기억의 관점에서 재해석한다. | F52: 해석틀
A53: p12 | B53: 얀 아스만 | C53: p | D53: 뮌헨, 하이델베르크, 파리, 괴팅겐 등지에서 이집트학과 고고학, 그리스학을 전공했다. 1971년 교수자격시험을 통과했고, 1976년부터 2003년 퇴임하기까지 하이델베르크 대학교의 이집트학과 정교수를 지냈다. 퇴임 후 현재는 독일 콘스탄츠 대학교의 일반문화학과 명예교수로 재직하고 있다. 아스만은 전공 영역인 이집트학을 넘어 종교학 연구에까지 연구범위를 확장해 역사학자, 문예학자, 종교학자들에게 문화적 기억이론으로 명망을 떨쳤다. | F53: 해석틀
A54: p2 | B54: 소통적 기억 | C54: p | D54: 아스만은 기억을 소통적 기억과 문화적 기억이라는 두 가지 층위로 나누어 설명하며, 이 개념들은 개인의 경험을 넘어 집단 정체성 형성에 중요한 역할을 합니다. | F54: 해석틀
A55: p3 | B55: 기억 매체 | C55: p | D55: 아스만은 기억이 물질적 기반과 보조 수단인 기억 매체에 의존한다고 보았으며, 대표적인 매체로 문자, 그림, 몸, 장소를 제시했습니다. | F55: 해석틀
A56: p4 | B56: 기억의 공간 | C56: p | D56: 그녀는 기억의 전승 매체와 영향력을 기능, 매체, 저장소 관점에서 정리했으며, 이는 '기억의 공간(Erinnerungsräume)'으로 정리되었습니다. | F56: 해석틀
A57: p5 | B57: 알라이다 아스만『기억의 공간』 | C57: p | D57: 아스만의 저서 기억의 공간에 따르면 문화적 기억은 과거를 박물관에 박제해 두는 것이 아닙니다. "현재의 공동체가 직면한 과제를 해결하고 미래의 희망을 품기 위해,거꾸로 과거를 재구성하는 방식"입니다. | F57: 해석틀
... A61: p9 | B61: 디지털 매개 | C61: p | D61: 인류가 돌(고인돌)이라는 최초의 물질적 기억 장치에 새겨두었던 집단적 흔적을, 디지털이라는 가상의 공간 속에서 다시 현재화(기능 기억화)하고 무한히 확장(저장 기억화)하는, 기억의 현대적 진화 과정이라고 볼 수 있습니다. | F61: 해석틀
A62: r1 | B62: 칠성바위 | C62: r | D62: 조선 정조 때 경상감사로 부임한 이태영이 대구읍성 북문 밖에 북두칠성이 떨어지는 꿈을 꾼 뒤, 그곳에서 북두칠성처럼 놓인 바위 7개를 발견하고 자신의 일곱 아들 이름을 새긴 데서 유래했다. | F62: 소통적 기억 | G62: 이름이 전해지는 돌은 마을이 그 돌을 어떻게 기억해 왔는지 묻게 합니다.
A63: s1 | B63: 바위그림 | C63: s | D63: 바위나 절벽 또는 동굴 내 벽면 등에 사물이나 기호를 쪼으기·새기기·칠하기 등의 기법으로 그린 그림. 암각화·암각·암화. | F63: 매체 | G63: 그림은 말보다 오래 남는 기억 매체입니다.
A64: u1 | B64: 세종 고인돌 | C64: u | D64: 세종시의 고인돌들은 주로 북서쪽의 금강을 바라보는 북서향 사면이나, 갑천·삼성천 등 하천 지류가 흐르는 평지 근처의 완만한 구릉성 경사면(산기슭 말단부)에 입지하고 있다. | F64: 매체
A65: u10 | B65: 세종리 윗말 고인돌 | C65: u | D65: 월산리 고인돌은 원래 2기가 위치하고 있었으나, 현재는 1기만이 남아있고, 나머지 한 기는 公州大學校에 옮겨져 있다. 현재 윗말에서 확인된 1기는, 밭가운데 남북 長軸을 이루며 위치한다. 조사를 통하여 확인된 고인돌의 형태는 정형한 장방형으로 남북 345㎝, 동서 193㎝, 높이 54㎝의 화강암 자연 석재를 이용한 것이다. 이 지석묘는 耕地整理 과정에서 확인되었는데, 유구를 효과적으로 보호하기 위하여 주변지역을 보존하였다. 따라서 고인돌지역을 제외한 주변 지역은 논으로 개간되어 있으나, 지석묘 부근만 밭으로 개간되어 원래의 지형을 유지하고 있는 상태이다. 현재 주변지역에 대한 답사를 통하여 수습할 수 있는 지석묘와 관련된 유물은 전혀 확인되지 않는다. 주변에서 이와 關聯된 유물은 전혀 수습되지 않았으나 河川邊의 충적대지라는 유적이 입지하기에 매우 양호한 지형조건인 것으로 볼 때, 이와 관련된 유적이 일대에 분포하고 있을 가능성이 높은 것으로 판단된다. 더불어 최근에 인근의 월산지방산업단지 제2호 진입로 공사구간에서 원삼국시대 수혈유구 등이 확인된 것으로 미루어, 주변의 유적환경은 매우 양호한 조건을 갖추고 있는 것으로 판단된다. | F65: 매체
A66: u11 | B66: 송용리 송룡 고인돌 | C66: u | D66: 원래 고갯마루 길 옆에 1기가 더 있었는데 10여 년 전에 도로를 넓히면서 석재로 이용되었다고 한다. 이 마을의 서쪽 전방으로는 미호천이 북에서 남으로 흐르고 있으며, 주변지역으로는 넓게 펼쳐진 평야지역과 구릉지대로 이루어져 있어 인류의 생활환경 조성에 매우 양호한 조건을 갖추고 있는 것으로 판단된다. 확인된 유구는 매장 주체부를 큰 판석으로 덮는 형태의 고인돌이다. 주민들의 전언에 의하면 일부 유실된 유구에서 유물이 나왔다고 하는데, 4개의 흑색 마제석촉이 출토되었다고 한다. 그러나 유물의 현황에 대해서는 구체적인 내용이 확인되지 않는다. 현재 확인된 고인돌 덮개돌의 규모는 길이 210㎝, 폭 100㎝ 정도이고, 장축은 남북방향으로 두고 있다. 현재 주변지역에서 유물은 수습되지 않으나, 미호천 주변의 선사유적으로서 주목되는 유적이다. | F66: 매체
A67: u12 | B67: 신촌리 작은말 고인돌 | C67: u | D67: 고인돌은 대부분이 지표에 묻혀 있어 하부구조는 확인할 수 없었으며, 외견상으로 볼 때 오각형에 가까운 부정형한 방형의 형태를 이루고 있다. 지표상에서 확인되는 크기는 장축의 길이 140cm, 너비가 140cm로 계측되었다. 이 곳의 지형은 전방의 시계가 넓게 트여 있어 금강이 보이는데, 북쪽의 錦江까지 거리는 약 1㎞ 정도 되며 모두 논으로 개간되어 있다. 또한 남쪽의 용수천과 금강이 합류하는 지점으로 넓은 충적지대를 이루고 있다. 고인돌이 위치한 능선은 비학산의 북향사면으로, 이 비학산의 동쪽 능선에는 장재리 고인돌이 위치하고 있어 선사유적과의 관련성이 높다고 판단된다. | F67: 매체
A68: u13 | B68: 장재리 고인돌 | C68: u | D68: 고인돌은 마을 입구 주변으로 논과 경계를 이루는 지점에 위치한다. 원래는 이 곳에 3기의 고인돌이 있었다고 하나 도로확장과정에서 2기는 다른 곳으로 이전되었는데, 그 가운데 1기는 공주대학교에서 조사 발표한 예가 있다. 현재 이곳에 남아 있는 1기는 부정형한 방형의 형태로 길이는 장축 270cm, 너비 210cm, 높이 150cm이다. 고인돌은 지상에서 약간 떨어져 기울어져 있으며 지면과의 공간에는 정체불명의 지석이 받치고 있다. 고인돌 위에는 약 20cm 정도 되는 시멘트 덩어리가 혹처럼 붙어있는 상태있다. 마을에서는 고인돌을 ‘둥글바위’라고 부르고 있다. 고인돌의 주변에는 시멘트 도로가 포장되어 있고 논으로 개간되어 있어, 그 과정에서 지형의 파괴가 이루어졌을 것으로 추정되며 고인돌과 관련된 유물은 확인할 수 없었다. 장재리는 금강으로부터 약 1.8km 정도 떨어져 있으며, 이 일대가 낮은 구릉성 지형을 이루고 있다. 또 주변으로는 금강변과 미호천변을 중심으로 주변에 신촌리 고인돌이 위치하고 있으며, 근처의 괴화산에는 석교리 고인돌이 위치한다. 또한 석삼리에서 무문토기 등이 확인되는 것으로 보아 이 주변에 선사시대의 취락이 대규모로 형성되었을 것으로 판단된다. | F68: 매체
A69: u14 | B69: 장재리 고인돌② | C69: u | D69: 금남면소재지에서 동쪽으로 약 3km 정도의 거리에 금호중학교가 있고, 여기서 약 500m의 거리에 우측으로 장재리 장절마을로 들어가는 소로가 나타난다. 마을의 동쪽에는 과수원이 보이는데, 과수원 옆으로 고인돌 2기가 마주보며 위치하고 있으며 고인돌의 주변으로는 민묘가 있다. 확인된 고인돌은 모두 2기인데, 2기의 고인돌은 약 1m 정도의 간격을 두고 있다.서쪽에 있는 고인돌은 길이가 장축 350cm, 너비 200cm, 두께 50cm이다. 동쪽에 있는 고인돌은 길이가 장축 200cm, 너비 120cm, 두께 50cm로 계측되어 서쪽에 있는 것이 더 크다는 것을 확인할 수 있다. 2기의 고인돌은 마을입구에 있는 고인돌이나 石橋里 고인돌 등에 비해서 크기가 작으며 절단면의 흔적으로 보이는 부분이 있으며, 또한 2기의 석재도 유사한 것으로 보아 원래 1기였던 것으로 판단된다. 고인돌은 흙으로 매몰되어 있어 하부구조에 대해서는 확인할 수 없었으며 고인돌과 관련된 유물로 확인되지 않는다. 주민들은 현재 고인돌을 ‘쌍바위’라고 부르고 있다. 이곳에서 금강까지의 거리는 약 2km로 마을 입구에 있는 고인돌이나 주변의 석교리, 신촌리 고인돌로 보아 이 지역일대에 선사시대 유적의 존재 가능성이 큰 것으로 판단된다. | F69: 매체
A70: u15 | B70: 집현리 고인돌 | C70: u | D70: 금남면소재지에서 북동쪽으로 약 4km 정도 가면 石橋里 석교마을이 있다. 고인돌은 마을의 북서쪽 끝자락에 위치한다. 고인돌의 뒤쪽으로는 괴화산과 민가가 있고, 우측으로는 축사가 들어서 있다. 전방으로는 금강으로 흘러 들어가는 작은 천이 흐르며, 고인돌 사이에는 민묘가 위치한다. 고인돌이 있는 지형은 원래 괴화산의 한 능선이었으나, 민가와 축사들이 들어서면서 지형변경이 이루어진 곳이다. 확인된 고인돌은 총 3기가 있는데, 2기는 민묘를 사이에 두고 존재한다. 나머지 1기는 2기의 고인돌보다 약간 떨어져 좌측 후방에 위치하는데, 3기의 고인돌은 서로 약 10m 정도의 간격을 두고 있다. 민묘를 사이에 두고 있는 2기의 고인돌 중 우측에 있는 고인돌①은 삼각형에 가까운 장방형을 하고 있다. 크기는 길이가 장축 347cm, 너비 230cm, 두께 55cm이며, 5-6개 정도의 性穴이 보인다. 축사 바로 옆에 자리하고 있는 이 고인돌은 지면에 묻혀 있어 하부구조를 확인할 수 없었다. 3기의 고인돌 중 가운데이자 민묘의 좌측에 있는 고인돌②는 부정형한 장방형태를 띠고 있으며, 길이가 장축 264cm, 너비 183, 두께 67cm이다. 이 고인돌은 민묘와 밭이 경계를 이루는 곳에 위치하며, 한쪽이 지면에서 약간 떨어져 기울어져 있는 형태이다. 지면과 고인돌의 공간에는 흙이 채워져 있고, 그 옆에 40cm 가량의 석재가 받치고 있는 형상을 하고 있다. 이 석재가 고인돌과 같은 재질의 것인지는 확인할 수 없었다. 3기의 고인돌 중 가장 좌측이자 2기의 고인돌보다 약간 뒤쪽에 자리하고 있는 고인돌③은 부정형한 장방형의 형태로 길이는 장축 340cm, 너비 340cm, 두께 58cm이며, 성혈이 있다. 이 고인돌은 경작되고 있는 밭과 민가의 경계를 이루는 턱에 반쯤 걸쳐 있고, 그 밑으로 잔석들이 채워져 있는 형태를 하고 있다. 이 잔석들 사이에는 외견상으로 확인되지는 않으나 고인돌을 받치고 있는 지석이 존재할 가능성은 추정해 볼 수 있을 것이다. 지표면 답사를 통해서 고인돌 주변으로 고인돌과 관련된 유물은 확인할 수 없었다. 이곳의 지형은 금강변의 넓은 충적지를 중심으로 대체로 낮은 구릉성 산지가 널리 분포하는 곳이다. 석교리 고인돌의 주변으로는 장재리 고인돌이 위치하고, 석삼리에서 무문토기가 수습되는 것으로 보아 이 일대에는 선사시대 대단위 생활권이 형성되었을 것이라 판단된다. | F70: 매체
A71: u16 | B71: 집현리 방죽골 고인돌 | C71: u | D71: 금남면소재지에서 북동쪽으로 약 6km 정도의 거리에 봉기리 사여울마을이 있다. 고인돌은 이 마을의 서쪽으로 400m 떨어진 곳의 낮은 능선의 중하단부에 위치한다. 마을의 서쪽은 대부분 논으로 경작되고 있으며 논을 지나면 民家 한 채가 있는데, 고인돌은 민가를 지나 있는 소로변의 소나무 숲과 민묘 사이에 위치한다. 고인돌의 길이는 장축 300cm, 너비 216cm, 두께 30cm이며 부정형한 장방형의 형태이다. 이 곳의 지형은 금강에 연결된 넓은 습지에 해당하며, 현재는 개간하여 경작지로 이용하고 있는 상태이다. 전언에 의하면 원래 고인돌은 지금의 산길에 위치했으나 경작지와 묘지로 이어지는 길을 만들면서 지금의 위치로 옮겨졌다고 한다. 현재 고인돌의 주변으로는 민묘와 소로가 조성되어 있는 것으로 보아 지형변경이 있었던 것으로 보이며, 고인돌과 관련되어 수습되는 유물은 없다. 봉기리마을의 북쪽으로는 금강이 흐르고 있고, 주변으로는 분홍고개 고인돌이 있는 것으로 보아 이 지역에는 이와 관련된 선사시대 유적이 존재했던 것으로 보인다. | F71: 매체
A72: u17 | B72: 집현리 분홍고개 고인돌 | C72: u | D72: 금남면소재지에서 북동쪽으로 약 6km 정도의 거리에 봉기리 사여울마을이 있다. 고인돌은 이 마을의 입구에서 북쪽으로 약 500m 정도 떨어진 금강변 새나루터로 가는 고개인 ‘분홍고개’에 위치한다. 고인돌은 분홍고개 북향사면의 소로변에 위치하며 錦江을 바라보고 있다. 확인된 개석의 길이는 장축 395cm, 너비 154cm, 두께 50cm이며 길쭉한 방형의 형태이다. 개석은 한 쪽이 약간 기울어져 있어 일부는 지면에서 떨어져 있는 상태이다. 지면과 개석사이의 공간에는 또 다른 석재가 받치고 있는데, 이 석재가 개석과 같은 재질의 것인지는 확인할 수 없었다. 개석은 화강암재질로 부정형한 장방형의 형태를 하고 있는데, 주민들은 ‘넓적바위’라고 부르고 있다. 고인돌 주변으로는 ‘거북바위’, ‘토끼바위’라고 불리우는 석재가 있다가 도로건설 과정에서 모두 파손되었다고 전한다. 그러나 고인돌 맞은편 산의 절개면에 있는 길이 300cm 가량의 파괴된 흔적이 있는 석재가 그것인지는 확인할 수 없었으며 주변에 고인돌과 관련된 유물은 확인되지 않았다. 금남면의 북쪽에는 금강이 흐르는데 금강에 접해 있는 봉기리와 석교리, 신촌리에서는 선사유적과 관련되어 있는 유적들이 발견되고 있음으로 보아 금강변에 접해있는 금남면의 북동쪽에는 선사시대 대단위 생활권이 존재했을 것이라 여겨진다. | F72: 매체
A73: u8 | B73: 국곡리 고인돌 | C73: u | D73: 세종특별자치시 세종시 금남면 국곡리, 고인돌은 지석이 외견되는 기반식(南方式)의 형태이다. 덮개돌은 가로 195cm, 세로 215cm에 두께가 27~30cm, 덮개돌 밑에는 몇 개의 고임돌이 보이고 있는데 크기는 50~60cm로 원형에 가까운 모습을 하고 있다. 또한 덮개돌의 상면에는 16개의 성혈이 남아 있는데 크기는 일정하지 않으며, 배치도 무질서하게 분포되어 있다. | F73: 매체
A74: u9 | B74: 박산리 고래뜰 고인돌 | C74: u | D74: 고인돌은 경작지의 구릉상에 위치한다. 이 곳에서 1기의 고인돌이 확인되었는데, 밭 가운데 동서 長軸을 이루며 위치하는데, 형태는 부정형한 장방형으로 너비 230㎝, 높이 60㎝의 화강암 자연 석재를 이용한 것이다. 고인돌의 상단에서 6개의 성혈이 확인된다. 주변에서 지석묘와 관련된 유물은 전혀 확인되지 않는다. 원래는 이 위치에서 약간 남쪽에 있었는데, 이곳에 도로가 개설되면서 현재의 위치로 옮겨진 것으로 전해진다. 예전에는 2기의 고인돌이 위치하고 있었으나, 현재는 1기는 파손되어 남아 있지 않다. 주변에서 關聯된 유물은 전혀 수습되지 않았으나 河川邊의 저평한 구릉지대라는 유적이 입지하기에 매우 양호한 지형조건인 것으로 볼 때, 이와 관련된 유적이 일대에 분포하고 있을 가능성이 높은 것으로 판단된다. | F74: 매체
A75: w10 | B75: 프랑스 브리타뉴 거석문화 | C75: b | D75: 브리타뉴는 하나의 고인돌이 아니라 거석문화 유적이 광범위하게 분포하는 지역입니다. 브르타뉴의 거석문화는 단순한 무덤의 집합이라기보다 거대한 석조 건축물을 만들 수 있었던 공동체의 조직력과 사회적 구조를 보여주는 자료로도 해석됩니다. | F75: 매체
... A88: b14 | B88: 암각화 | C88: b | D88: 암각화(巖刻畫)란 바위, 절벽(단애, 斷崖), 동굴의 벽면 등에 깎아서 새겨 놓은 그림(부조)을 말한다. 넓게는 금석문의 범주에도 속한다. 주로 신석기 시대~청동기 시대 만들어졌다. 당시의 신앙과 생활을 표현해 놓았으며 풍요를 기원하는 주술적인 측면이 있다고 여겨진다. | F88: 매체
A89: e0 | B89: 스캔데이터 | C89: e | D89: 3D 스캐너을 통해 대상 유물을 스캔합니다. 데이터를 활용해 눈으로 확인하기 어려운 부분까지 확인할 수 있습니다. | F89: 매체 | G89: 돌을 새롭게 기록하는 디지털 기억 매체입니다. 기억을 보존하는 동시에 보는 방식을 바꿉니다.
A90: e1 | B90: AO 맵 | C90: e | D90: 음영을 통한 요철 강도 | F90: 지각 | G90: 음영은 눈에 보이지 않던 흔적을 드러내는 지각의 보조 장치입니다.
A91: e2 | B91: RS 맵 | C91: e | D91: 표면 곡률과 질감 감지 | F91: 지각 | G91: 표면의 곡률과 질감을 읽어 내는 지각의 보조 장치입니다.
A92: e3 | B92: 심도맵 | C92: e | D92: 깊이 차이 시각화 | F92: 지각 | G92: 깊이의 차이를 눈에 보이게 만드는 지각의 보조 장치입니다.

Sheet 연결
A1: 시작id | B1: 끝id | C1: 시작 이름(참고) | D1: 끝 이름(참고) | E1: 관계 유형 | F1: 이유 (한 줄)
A2: dol | B2: b1 | C2: {=IFERROR(INDEX('노드'!$B$2:$B$520,MATCH(A2,'노드'!$A$2:$A$520,0)),"")} | D2: {=IFERROR(INDEX('노드'!$B$2:$B$520,MATCH(B2,'노드'!$A$2:$A$520,0)),"")} | E2: 기원 | F2: 고인돌이 어디서 왔는지를 다룬 학설입니다.
A3: dol | B3: b2 | C3: {=IFERROR(INDEX('노드'!$B$2:$B$520,MATCH(A3,'노드'!$A$2:$A$520,0)),"")} | D3: {=IFERROR(INDEX('노드'!$B$2:$B$520,MATCH(B3,'노드'!$A$2:$A$520,0)),"")}
A4: dol | B4: b4 | C4: {=IFERROR(INDEX('노드'!$B$2:$B$520,MATCH(A4,'노드'!$A$2:$A$520,0)),"")} | D4: {=IFERROR(INDEX('노드'!$B$2:$B$520,MATCH(B4,'노드'!$A$2:$A$520,0)),"")}
A5: dol | B5: b5 | C5: {=IFERROR(INDEX('노드'!$B$2:$B$520,MATCH(A5,'노드'!$A$2:$A$520,0)),"")} | D5: {=IFERROR(INDEX('노드'!$B$2:$B$520,MATCH(B5,'노드'!$A$2:$A$520,0)),"")}
A6: dol | B6: b6 | C6: {=IFERROR(INDEX('노드'!$B$2:$B$520,MATCH(A6,'노드'!$A$2:$A$520,0)),"")} | D6: {=IFERROR(INDEX('노드'!$B$2:$B$520,MATCH(B6,'노드'!$A$2:$A$520,0)),"")}
A7: dol | B7: b7 | C7: {=IFERROR(INDEX('노드'!$B$2:$B$520,MATCH(A7,'노드'!$A$2:$A$520,0)),"")} | D7: {=IFERROR(INDEX('노드'!$B$2:$B$520,MATCH(B7,'노드'!$A$2:$A$520,0)),"")}
A8: dol | B8: a5 | C8: {=IFERROR(INDEX('노드'!$B$2:$B$520,MATCH(A8,'노드'!$A$2:$A$520,0)),"")} | D8: {=IFERROR(INDEX('노드'!$B$2:$B$520,MATCH(B8,'노드'!$A$2:$A$520,0)),"")} | E8: 논쟁 | F8: 고인돌이 속한 청동기시대의 시작 연대를 둘러싼 세 견해입니다.
A9: dol | B9: a6 | C9: {=IFERROR(INDEX('노드'!$B$2:$B$520,MATCH(A9,'노드'!$A$2:$A$520,0)),"")} | D9: {=IFERROR(INDEX('노드'!$B$2:$B$520,MATCH(B9,'노드'!$A$2:$A$520,0)),"")} | E9: 기원 | F9: 고인돌과 함께 논의되는 청동기 문화의 기원 가설입니다.
A10: dol | B10: p2 | C10: {=IFERROR(INDEX('노드'!$B$2:$B$520,MATCH(A10,'노드'!$A$2:$A$520,0)),"")} | D10: {=IFERROR(INDEX('노드'!$B$2:$B$520,MATCH(B10,'노드'!$A$2:$A$520,0)),"")} | E10: 지각 | F10: 관람자가 돌을 처음 마주치는 몸의 경험입니다.
A11: dol | B11: p8 | C11: {=IFERROR(INDEX('노드'!$B$2:$B$520,MATCH(A11,'노드'!$A$2:$A$520,0)),"")} | D11: {=IFERROR(INDEX('노드'!$B$2:$B$520,MATCH(B11,'노드'!$A$2:$A$520,0)),"")} | E11: 단절 | F11: 축조자와 오늘의 관람자 사이에 전승이 끊겨 있습니다.
A12: a1 | B12: a2 | C12: {=IFERROR(INDEX('노드'!$B$2:$B$520,MATCH(A12,'노드'!$A$2:$A$520,0)),"")} | D12: {=IFERROR(INDEX('노드'!$B$2:$B$520,MATCH(B12,'노드'!$A$2:$A$520,0)),"")} | E12: 변화 | F12: 개념이 폐기되며 청동기시대 개념이 자리 잡았습니다.
A13: a2 | B13: a3 | C13: {=IFERROR(INDEX('노드'!$B$2:$B$520,MATCH(A13,'노드'!$A$2:$A$520,0)),"")} | D13: {=IFERROR(INDEX('노드'!$B$2:$B$520,MATCH(B13,'노드'!$A$2:$A$520,0)),"")} | E13: 이어짐 | F13: 개념 정리 뒤 연대 논쟁이 본격화됩니다.
A14: a3 | B14: a4 | C14: {=IFERROR(INDEX('노드'!$B$2:$B$520,MATCH(A14,'노드'!$A$2:$A$520,0)),"")} | D14: {=IFERROR(INDEX('노드'!$B$2:$B$520,MATCH(B14,'노드'!$A$2:$A$520,0)),"")} | E14: 이어짐 | F14: 1970년대 논쟁이 1980년대 연구로 이어집니다.
A15: a3 | B15: a5 | C15: {=IFERROR(INDEX('노드'!$B$2:$B$520,MATCH(A15,'노드'!$A$2:$A$520,0)),"")} | D15: {=IFERROR(INDEX('노드'!$B$2:$B$520,MATCH(B15,'노드'!$A$2:$A$520,0)),"")} | E15: 논쟁 | F15: 연대 논쟁이 세 갈래의 견해로 정리됩니다.
A16: a4 | B16: a5 | C16: {=IFERROR(INDEX('노드'!$B$2:$B$520,MATCH(A16,'노드'!$A$2:$A$520,0)),"")} | D16: {=IFERROR(INDEX('노드'!$B$2:$B$520,MATCH(B16,'노드'!$A$2:$A$520,0)),"")} | E16: 논쟁 | F16: 1980년대 연구도 같은 쟁점 위에서 움직입니다.
A17: a5 | B17: a6 | C17: {=IFERROR(INDEX('노드'!$B$2:$B$520,MATCH(A17,'노드'!$A$2:$A$520,0)),"")} | D17: {=IFERROR(INDEX('노드'!$B$2:$B$520,MATCH(B17,'노드'!$A$2:$A$520,0)),"")} | E17: 쟁점 | F17: 연대는 기원 경로를 어떻게 보느냐와 맞물립니다.
A18: a6 | B18: a7 | C18: {=IFERROR(INDEX('노드'!$B$2:$B$520,MATCH(A18,'노드'!$A$2:$A$520,0)),"")} | D18: {=IFERROR(INDEX('노드'!$B$2:$B$520,MATCH(B18,'노드'!$A$2:$A$520,0)),"")} | E18: 과제 | F18: 기원을 가리려면 제작 집단의 발견이 필요하다는 지적입니다.
A19: a6 | B19: b1 | C19: {=IFERROR(INDEX('노드'!$B$2:$B$520,MATCH(A19,'노드'!$A$2:$A$520,0)),"")} | D19: {=IFERROR(INDEX('노드'!$B$2:$B$520,MATCH(B19,'노드'!$A$2:$A$520,0)),"")} | E19: 비교 | F19: 청동기 기원 경로와 고인돌 기원설을 나란히 비교합니다.
A20: b1 | B20: b3 | C20: {=IFERROR(INDEX('노드'!$B$2:$B$520,MATCH(A20,'노드'!$A$2:$A$520,0)),"")} | D20: {=IFERROR(INDEX('노드'!$B$2:$B$520,MATCH(B20,'노드'!$A$2:$A$520,0)),"")}
A21: b2 | B21: b3 | C21: {=IFERROR(INDEX('노드'!$B$2:$B$520,MATCH(A21,'노드'!$A$2:$A$520,0)),"")} | D21: {=IFERROR(INDEX('노드'!$B$2:$B$520,MATCH(B21,'노드'!$A$2:$A$520,0)),"")}
A22: b2 | B22: b5 | C22: {=IFERROR(INDEX('노드'!$B$2:$B$520,MATCH(A22,'노드'!$A$2:$A$520,0)),"")} | D22: {=IFERROR(INDEX('노드'!$B$2:$B$520,MATCH(B22,'노드'!$A$2:$A$520,0)),"")}
A23: b5 | B23: b6 | C23: {=IFERROR(INDEX('노드'!$B$2:$B$520,MATCH(A23,'노드'!$A$2:$A$520,0)),"")} | D23: {=IFERROR(INDEX('노드'!$B$2:$B$520,MATCH(B23,'노드'!$A$2:$A$520,0)),"")}
A24: b6 | B24: b7 | C24: {=IFERROR(INDEX('노드'!$B$2:$B$520,MATCH(A24,'노드'!$A$2:$A$520,0)),"")} | D24: {=IFERROR(INDEX('노드'!$B$2:$B$520,MATCH(B24,'노드'!$A$2:$A$520,0)),"")}
A25: b4 | B25: b1 | C25: {=IFERROR(INDEX('노드'!$B$2:$B$520,MATCH(A25,'노드'!$A$2:$A$520,0)),"")} | D25: {=IFERROR(INDEX('노드'!$B$2:$B$520,MATCH(B25,'노드'!$A$2:$A$520,0)),"")}
A26: p1 | B26: p2 | C26: {=IFERROR(INDEX('노드'!$B$2:$B$520,MATCH(A26,'노드'!$A$2:$A$520,0)),"")} | D26: {=IFERROR(INDEX('노드'!$B$2:$B$520,MATCH(B26,'노드'!$A$2:$A$520,0)),"")} | E26: 대비 | F26: 문화적 기억은 소통적 기억과 짝을 이루는 개념입니다.
A27: p1 | B27: p3 | C27: {=IFERROR(INDEX('노드'!$B$2:$B$520,MATCH(A27,'노드'!$A$2:$A$520,0)),"")} | D27: {=IFERROR(INDEX('노드'!$B$2:$B$520,MATCH(B27,'노드'!$A$2:$A$520,0)),"")} | E27: 매체 | F27: 문화적 기억은 매체를 통해 세대를 넘어 유지됩니다.
A28: p1 | B28: p4 | C28: {=IFERROR(INDEX('노드'!$B$2:$B$520,MATCH(A28,'노드'!$A$2:$A$520,0)),"")} | D28: {=IFERROR(INDEX('노드'!$B$2:$B$520,MATCH(B28,'노드'!$A$2:$A$520,0)),"")} | E28: 공간 | F28: 기억은 장소와 공간에 의지해 유지됩니다.
A29: p5 | B29: p6 | C29: {=IFERROR(INDEX('노드'!$B$2:$B$520,MATCH(A29,'노드'!$A$2:$A$520,0)),"")} | D29: {=IFERROR(INDEX('노드'!$B$2:$B$520,MATCH(B29,'노드'!$A$2:$A$520,0)),"")} | E29: 개념 | F29: 알라이다 아스만은 저장기억과 기능기억을 구분합니다.
A30: p5 | B30: p7 | C30: {=IFERROR(INDEX('노드'!$B$2:$B$520,MATCH(A30,'노드'!$A$2:$A$520,0)),"")} | D30: {=IFERROR(INDEX('노드'!$B$2:$B$520,MATCH(B30,'노드'!$A$2:$A$520,0)),"")} | E30: 개념 | F30: 알라이다 아스만은 저장기억과 기능기억을 구분합니다.
A31: p1 | B31: p5 | C31: {=IFERROR(INDEX('노드'!$B$2:$B$520,MATCH(A31,'노드'!$A$2:$A$520,0)),"")} | D31: {=IFERROR(INDEX('노드'!$B$2:$B$520,MATCH(B31,'노드'!$A$2:$A$520,0)),"")}
A32: p7 | B32: b7 | C32: {=IFERROR(INDEX('노드'!$B$2:$B$520,MATCH(A32,'노드'!$A$2:$A$520,0)),"")} | D32: {=IFERROR(INDEX('노드'!$B$2:$B$520,MATCH(B32,'노드'!$A$2:$A$520,0)),"")}
A33: p7 | B33: a1 | C33: {=IFERROR(INDEX('노드'!$B$2:$B$520,MATCH(A33,'노드'!$A$2:$A$520,0)),"")} | D33: {=IFERROR(INDEX('노드'!$B$2:$B$520,MATCH(B33,'노드'!$A$2:$A$520,0)),"")} | E33: 기억의 정치 | F33: 학계가 만든 틀이 과거를 정리하는 기준이 된 사례입니다.
A34: p7 | B34: a2 | C34: {=IFERROR(INDEX('노드'!$B$2:$B$520,MATCH(A34,'노드'!$A$2:$A$520,0)),"")} | D34: {=IFERROR(INDEX('노드'!$B$2:$B$520,MATCH(B34,'노드'!$A$2:$A$520,0)),"")} | E34: 기억의 정치 | F34: 새 자료로 기존 틀이 교정된 과정입니다.
A35: p7 | B35: a5 | C35: {=IFERROR(INDEX('노드'!$B$2:$B$520,MATCH(A35,'노드'!$A$2:$A$520,0)),"")} | D35: {=IFERROR(INDEX('노드'!$B$2:$B$520,MATCH(B35,'노드'!$A$2:$A$520,0)),"")} | E35: 기억의 정치 | F35: 기원을 어떻게 볼지에 집단의 기억이 스며들 수 있는지 묻습니다.
A36: p6 | B36: b5 | C36: {=IFERROR(INDEX('노드'!$B$2:$B$520,MATCH(A36,'노드'!$A$2:$A$520,0)),"")} | D36: {=IFERROR(INDEX('노드'!$B$2:$B$520,MATCH(B36,'노드'!$A$2:$A$520,0)),"")}
A37: p2 | B37: b2 | C37: {=IFERROR(INDEX('노드'!$B$2:$B$520,MATCH(A37,'노드'!$A$2:$A$520,0)),"")} | D37: {=IFERROR(INDEX('노드'!$B$2:$B$520,MATCH(B37,'노드'!$A$2:$A$520,0)),"")}
A38: p8 | B38: p3 | C38: {=IFERROR(INDEX('노드'!$B$2:$B$520,MATCH(A38,'노드'!$A$2:$A$520,0)),"")} | D38: {=IFERROR(INDEX('노드'!$B$2:$B$520,MATCH(B38,'노드'!$A$2:$A$520,0)),"")} | E38: 매체 | F38: 전승이 끊긴 뒤에도 매체로서의 돌은 남습니다.
A39: p8 | B39: p7 | C39: {=IFERROR(INDEX('노드'!$B$2:$B$520,MATCH(A39,'노드'!$A$2:$A$520,0)),"")} | D39: {=IFERROR(INDEX('노드'!$B$2:$B$520,MATCH(B39,'노드'!$A$2:$A$520,0)),"")}
A40: p9 | B40: p6 | C40: {=IFERROR(INDEX('노드'!$B$2:$B$520,MATCH(A40,'노드'!$A$2:$A$520,0)),"")} | D40: {=IFERROR(INDEX('노드'!$B$2:$B$520,MATCH(B40,'노드'!$A$2:$A$520,0)),"")} | E40: 저장 | F40: 스캔 데이터는 새로운 방식의 저장입니다.
A41: p9 | B41: p2 | C41: {=IFERROR(INDEX('노드'!$B$2:$B$520,MATCH(A41,'노드'!$A$2:$A$520,0)),"")} | D41: {=IFERROR(INDEX('노드'!$B$2:$B$520,MATCH(B41,'노드'!$A$2:$A$520,0)),"")}
A42: p4 | B42: p7 | C42: {=IFERROR(INDEX('노드'!$B$2:$B$520,MATCH(A42,'노드'!$A$2:$A$520,0)),"")} | D42: {=IFERROR(INDEX('노드'!$B$2:$B$520,MATCH(B42,'노드'!$A$2:$A$520,0)),"")}
A43: u8 | B43: b5 | C43: {=IF(A43="","",IFERROR(INDEX('노드'!$B$2:$B$520,MATCH(A43,'노드'!$A$2:$A$520,0)),"id 없음"))} | D43: 주요 유적
A44: u9 | B44: u1 | C44: {=IF(A44="","",IFERROR(INDEX('노드'!$B$2:$B$520,MATCH(A44,'노드'!$A$2:$A$520,0)),"id 없음"))} | D44: {=IF(B44="","",IFERROR(INDEX('노드'!$B$2:$B$520,MATCH(B44,'노드'!$A$2:$A$520,0)),"id 없음"))} | E44: 같은 지역 | F44: 세종 지역의 고인돌입니다.
A45: u10 | B45: u1 | C45: {=IF(A45="","",IFERROR(INDEX('노드'!$B$2:$B$520,MATCH(A45,'노드'!$A$2:$A$520,0)),"id 없음"))} | D45: {=IF(B45="","",IFERROR(INDEX('노드'!$B$2:$B$520,MATCH(B45,'노드'!$A$2:$A$520,0)),"id 없음"))} | E45: 같은 지역 | F45: 세종 지역의 고인돌입니다.
A46: u11 | B46: u1 | C46: {=IF(A46="","",IFERROR(INDEX('노드'!$B$2:$B$520,MATCH(A46,'노드'!$A$2:$A$520,0)),"id 없음"))} | D46: {=IF(B46="","",IFERROR(INDEX('노드'!$B$2:$B$520,MATCH(B46,'노드'!$A$2:$A$520,0)),"id 없음"))} | E46: 같은 지역 | F46: 세종 지역의 고인돌입니다.
A47: u12 | B47: u1 | C47: {=IF(A47="","",IFERROR(INDEX('노드'!$B$2:$B$520,MATCH(A47,'노드'!$A$2:$A$520,0)),"id 없음"))} | D47: {=IF(B47="","",IFERROR(INDEX('노드'!$B$2:$B$520,MATCH(B47,'노드'!$A$2:$A$520,0)),"id 없음"))} | E47: 같은 지역 | F47: 세종 지역의 고인돌입니다.
A48: u13 | B48: u1 | C48: {=IF(A48="","",IFERROR(INDEX('노드'!$B$2:$B$520,MATCH(A48,'노드'!$A$2:$A$520,0)),"id 없음"))} | D48: {=IF(B48="","",IFERROR(INDEX('노드'!$B$2:$B$520,MATCH(B48,'노드'!$A$2:$A$520,0)),"id 없음"))} | E48: 같은 지역 | F48: 세종 지역의 고인돌입니다.
A49: k1 | B49: u1 | C49: {=IF(A49="","",IFERROR(INDEX('노드'!$B$2:$B$520,MATCH(A49,'노드'!$A$2:$A$520,0)),"id 없음"))} | D49: {=IF(B49="","",IFERROR(INDEX('노드'!$B$2:$B$520,MATCH(B49,'노드'!$A$2:$A$520,0)),"id 없음"))} | E49: 인접 지역 | F49: 금강 유역과 세종 지역의 고인돌을 이어 봅니다.
A50: k1 | B50: k2 | C50: {=IF(A50="","",IFERROR(INDEX('노드'!$B$2:$B$520,MATCH(A50,'노드'!$A$2:$A$520,0)),"id 없음"))} | D50: {=IF(B50="","",IFERROR(INDEX('노드'!$B$2:$B$520,MATCH(B50,'노드'!$A$2:$A$520,0)),"id 없음"))} | E50: 같은 유역 | F50: 금강 유역에 분포하는 고인돌입니다.
A51: k1 | B51: k3 | C51: {=IF(A51="","",IFERROR(INDEX('노드'!$B$2:$B$520,MATCH(A51,'노드'!$A$2:$A$520,0)),"id 없음"))} | D51: {=IF(B51="","",IFERROR(INDEX('노드'!$B$2:$B$520,MATCH(B51,'노드'!$A$2:$A$520,0)),"id 없음"))} | E51: 같은 유역 | F51: 금강 유역에 분포하는 고인돌입니다.
A52: k1 | B52: k4 | C52: {=IF(A52="","",IFERROR(INDEX('노드'!$B$2:$B$520,MATCH(A52,'노드'!$A$2:$A$520,0)),"id 없음"))} | D52: {=IF(B52="","",IFERROR(INDEX('노드'!$B$2:$B$520,MATCH(B52,'노드'!$A$2:$A$520,0)),"id 없음"))} | E52: 같은 유역 | F52: 금강 유역에 분포하는 고인돌입니다.
A53: k1 | B53: k5 | C53: {=IF(A53="","",IFERROR(INDEX('노드'!$B$2:$B$520,MATCH(A53,'노드'!$A$2:$A$520,0)),"id 없음"))} | D53: {=IF(B53="","",IFERROR(INDEX('노드'!$B$2:$B$520,MATCH(B53,'노드'!$A$2:$A$520,0)),"id 없음"))} | E53: 같은 유역 | F53: 금강 유역에 분포하는 고인돌입니다.
A54: k1 | B54: k6 | C54: {=IF(A54="","",IFERROR(INDEX('노드'!$B$2:$B$520,MATCH(A54,'노드'!$A$2:$A$520,0)),"id 없음"))} | D54: {=IF(B54="","",IFERROR(INDEX('노드'!$B$2:$B$520,MATCH(B54,'노드'!$A$2:$A$520,0)),"id 없음"))} | E54: 같은 유역 | F54: 금강 유역에 분포하는 고인돌입니다.
A55: k1 | B55: k7 | C55: {=IF(A55="","",IFERROR(INDEX('노드'!$B$2:$B$520,MATCH(A55,'노드'!$A$2:$A$520,0)),"id 없음"))} | D55: {=IF(B55="","",IFERROR(INDEX('노드'!$B$2:$B$520,MATCH(B55,'노드'!$A$2:$A$520,0)),"id 없음"))} | E55: 같은 유역 | F55: 금강 유역에 분포하는 고인돌입니다.
... A65: n1 | B65: r1 | C65: {=IF(A65="","",IFERROR(INDEX('노드'!$B$2:$B$520,MATCH(A65,'노드'!$A$2:$A$520,0)),"id 없음"))} | D65: {=IF(B65="","",IFERROR(INDEX('노드'!$B$2:$B$520,MATCH(B65,'노드'!$A$2:$A$520,0)),"id 없음"))} | E65: 이름 | F65: 칠성바위라는 이름이 붙은 돌입니다.
A66: r1 | B66: k9 | C66: {=IF(A66="","",IFERROR(INDEX('노드'!$B$2:$B$520,MATCH(A66,'노드'!$A$2:$A$520,0)),"id 없음"))} | D66: {=IF(B66="","",IFERROR(INDEX('노드'!$B$2:$B$520,MATCH(B66,'노드'!$A$2:$A$520,0)),"id 없음"))}
A67: d0 | B67: dol | C67: {=IF(A67="","",IFERROR(INDEX('노드'!$B$2:$B$520,MATCH(A67,'노드'!$A$2:$A$520,0)),"id 없음"))} | D67: {=IF(B67="","",IFERROR(INDEX('노드'!$B$2:$B$520,MATCH(B67,'노드'!$A$2:$A$520,0)),"id 없음"))} | E67: 같은 계열 | F67: 고인돌도 거석문화의 한 갈래입니다.
A68: d0 | B68: d1 | C68: {=IF(A68="","",IFERROR(INDEX('노드'!$B$2:$B$520,MATCH(A68,'노드'!$A$2:$A$520,0)),"id 없음"))} | D68: {=IF(B68="","",IFERROR(INDEX('노드'!$B$2:$B$520,MATCH(B68,'노드'!$A$2:$A$520,0)),"id 없음"))} | E68: 종류 | F68: 거석문화에 속하는 기념물입니다.
A69: d0 | B69: d2 | C69: {=IF(A69="","",IFERROR(INDEX('노드'!$B$2:$B$520,MATCH(A69,'노드'!$A$2:$A$520,0)),"id 없음"))} | D69: {=IF(B69="","",IFERROR(INDEX('노드'!$B$2:$B$520,MATCH(B69,'노드'!$A$2:$A$520,0)),"id 없음"))} | E69: 종류 | F69: 거석문화에 속하는 기념물입니다.
A70: d0 | B70: d3 | C70: {=IF(A70="","",IFERROR(INDEX('노드'!$B$2:$B$520,MATCH(A70,'노드'!$A$2:$A$520,0)),"id 없음"))} | D70: {=IF(B70="","",IFERROR(INDEX('노드'!$B$2:$B$520,MATCH(B70,'노드'!$A$2:$A$520,0)),"id 없음"))} | E70: 종류 | F70: 거석문화에 속하는 기념물입니다.
A71: d0 | B71: d4 | C71: {=IF(A71="","",IFERROR(INDEX('노드'!$B$2:$B$520,MATCH(A71,'노드'!$A$2:$A$520,0)),"id 없음"))} | D71: {=IF(B71="","",IFERROR(INDEX('노드'!$B$2:$B$520,MATCH(B71,'노드'!$A$2:$A$520,0)),"id 없음"))} | E71: 종류 | F71: 거석문화에 속하는 기념물입니다.
A72: k1 | B72: k9 | C72: {=IF(A72="","",IFERROR(INDEX('노드'!$B$2:$B$520,MATCH(A72,'노드'!$A$2:$A$520,0)),"id 없음"))} | D72: {=IF(B72="","",IFERROR(INDEX('노드'!$B$2:$B$520,MATCH(B72,'노드'!$A$2:$A$520,0)),"id 없음"))} | E72: 같은 유역 | F72: 금강 유역에 분포하는 고인돌입니다.
A73: b10 | B73: a8 | C73: {=IF(A73="","",IFERROR(INDEX('노드'!$B$2:$B$520,MATCH(A73,'노드'!$A$2:$A$520,0)),"id 없음"))} | D73: {=IF(B73="","",IFERROR(INDEX('노드'!$B$2:$B$520,MATCH(B73,'노드'!$A$2:$A$520,0)),"id 없음"))} | E73: 연결 | F73: 청동기 사회의 변화는 사회복원 논의와 맞닿아 있습니다.
A74: dol | B74: a9 | C74: {=IF(A74="","",IFERROR(INDEX('노드'!$B$2:$B$520,MATCH(A74,'노드'!$A$2:$A$520,0)),"id 없음"))} | D74: {=IF(B74="","",IFERROR(INDEX('노드'!$B$2:$B$520,MATCH(B74,'노드'!$A$2:$A$520,0)),"id 없음"))} | E74: 의례 | F74: 고인돌을 의례와 함께 읽는 관점입니다.
A75: dol | B75: b10 | C75: {=IF(A75="","",IFERROR(INDEX('노드'!$B$2:$B$520,MATCH(A75,'노드'!$A$2:$A$520,0)),"id 없음"))} | D75: {=IF(B75="","",IFERROR(INDEX('노드'!$B$2:$B$520,MATCH(B75,'노드'!$A$2:$A$520,0)),"id 없음"))} | E75: 연구 | F75: 고인돌에서 사회를 다시 짜 맞추는 연구입니다.
A76: dol | B76: b11 | C76: {=IF(A76="","",IFERROR(INDEX('노드'!$B$2:$B$520,MATCH(A76,'노드'!$A$2:$A$520,0)),"id 없음"))} | D76: {=IF(B76="","",IFERROR(INDEX('노드'!$B$2:$B$520,MATCH(B76,'노드'!$A$2:$A$520,0)),"id 없음"))} | E76: 보존 | F76: 고인돌을 어떻게 지키고 활용할지의 문제입니다.
A77: b6 | B77: b12 | C77: {=IF(A77="","",IFERROR(INDEX('노드'!$B$2:$B$520,MATCH(A77,'노드'!$A$2:$A$520,0)),"id 없음"))} | D77: {=IF(B77="","",IFERROR(INDEX('노드'!$B$2:$B$520,MATCH(B77,'노드'!$A$2:$A$520,0)),"id 없음"))} | E77: 형식 | F77: 형식 분류의 한 형식입니다.
A78: b6 | B78: b13 | C78: {=IF(A78="","",IFERROR(INDEX('노드'!$B$2:$B$520,MATCH(A78,'노드'!$A$2:$A$520,0)),"id 없음"))} | D78: {=IF(B78="","",IFERROR(INDEX('노드'!$B$2:$B$520,MATCH(B78,'노드'!$A$2:$A$520,0)),"id 없음"))} | E78: 형식 | F78: 형식 분류의 한 형식입니다.
... A110: b8 | B110: w9 | C110: {=IF(A110="","",IFERROR(INDEX('노드'!$B$2:$B$520,MATCH(A110,'노드'!$A$2:$A$520,0)),"id 없음"))} | D110: {=IF(B110="","",IFERROR(INDEX('노드'!$B$2:$B$520,MATCH(B110,'노드'!$A$2:$A$520,0)),"id 없음"))} | E110: 사례 | F110: 세계의 고인돌 사례입니다.
C111: {=IF(A111="","",IFERROR(INDEX('노드'!$B$2:$B$520,MATCH(A111,'노드'!$A$2:$A$520,0)),"id 없음"))} | D111: {=IF(B111="","",IFERROR(INDEX('노드'!$B$2:$B$520,MATCH(B111,'노드'!$A$2:$A$520,0)),"id 없음"))}
C112: {=IF(A112="","",IFERROR(INDEX('노드'!$B$2:$B$520,MATCH(A112,'노드'!$A$2:$A$520,0)),"id 없음"))} | D112: {=IF(B112="","",IFERROR(INDEX('노드'!$B$2:$B$520,MATCH(B112,'노드'!$A$2:$A$520,0)),"id 없음"))}
C113: {=IF(A113="","",IFERROR(INDEX('노드'!$B$2:$B$520,MATCH(A113,'노드'!$A$2:$A$520,0)),"id 없음"))} | D113: {=IF(B113="","",IFERROR(INDEX('노드'!$B$2:$B$520,MATCH(B113,'노드'!$A$2:$A$520,0)),"id 없음"))}
C114: {=IF(A114="","",IFERROR(INDEX('노드'!$B$2:$B$520,MATCH(A114,'노드'!$A$2:$A$520,0)),"id 없음"))} | D114: {=IF(B114="","",IFERROR(INDEX('노드'!$B$2:$B$520,MATCH(B114,'노드'!$A$2:$A$520,0)),"id 없음"))}
C115: {=IF(A115="","",IFERROR(INDEX('노드'!$B$2:$B$520,MATCH(A115,'노드'!$A$2:$A$520,0)),"id 없음"))} | D115: {=IF(B115="","",IFERROR(INDEX('노드'!$B$2:$B$520,MATCH(B115,'노드'!$A$2:$A$520,0)),"id 없음"))}
C116: {=IF(A116="","",IFERROR(INDEX('노드'!$B$2:$B$520,MATCH(A116,'노드'!$A$2:$A$520,0)),"id 없음"))} | D116: {=IF(B116="","",IFERROR(INDEX('노드'!$B$2:$B$520,MATCH(B116,'노드'!$A$2:$A$520,0)),"id 없음"))}
C117: {=IF(A117="","",IFERROR(INDEX('노드'!$B$2:$B$520,MATCH(A117,'노드'!$A$2:$A$520,0)),"id 없음"))} | D117: {=IF(B117="","",IFERROR(INDEX('노드'!$B$2:$B$520,MATCH(B117,'노드'!$A$2:$A$520,0)),"id 없음"))}
C118: {=IF(A118="","",IFERROR(INDEX('노드'!$B$2:$B$520,MATCH(A118,'노드'!$A$2:$A$520,0)),"id 없음"))} | D118: {=IF(B118="","",IFERROR(INDEX('노드'!$B$2:$B$520,MATCH(B118,'노드'!$A$2:$A$520,0)),"id 없음"))}
C119: {=IF(A119="","",IFERROR(INDEX('노드'!$B$2:$B$520,MATCH(A119,'노드'!$A$2:$A$520,0)),"id 없음"))} | D119: {=IF(B119="","",IFERROR(INDEX('노드'!$B$2:$B$520,MATCH(B119,'노드'!$A$2:$A$520,0)),"id 없음"))}
C120: {=IF(A120="","",IFERROR(INDEX('노드'!$B$2:$B$520,MATCH(A120,'노드'!$A$2:$A$520,0)),"id 없음"))} | D120: {=IF(B120="","",IFERROR(INDEX('노드'!$B$2:$B$520,MATCH(B120,'노드'!$A$2:$A$520,0)),"id 없음"))}
C121: {=IF(A121="","",IFERROR(INDEX('노드'!$B$2:$B$520,MATCH(A121,'노드'!$A$2:$A$520,0)),"id 없음"))} | D121: {=IF(B121="","",IFERROR(INDEX('노드'!$B$2:$B$520,MATCH(B121,'노드'!$A$2:$A$520,0)),"id 없음"))}
C122: {=IF(A122="","",IFERROR(INDEX('노드'!$B$2:$B$520,MATCH(A122,'노드'!$A$2:$A$520,0)),"id 없음"))} | D122: {=IF(B122="","",IFERROR(INDEX('노드'!$B$2:$B$520,MATCH(B122,'노드'!$A$2:$A$520,0)),"id 없음"))}
... C201: {=IF(A201="","",IFERROR(INDEX('노드'!$B$2:$B$520,MATCH(A201,'노드'!$A$2:$A$520,0)),"id 없음"))} | D201: {=IF(B201="","",IFERROR(INDEX('노드'!$B$2:$B$520,MATCH(B201,'노드'!$A$2:$A$520,0)),"id 없음"))}

Sheet 분류
B1: 분류 이름 | C1: 색상코드
A2: c | B2: 고인돌 | C2: #f3dc94
A3: a | B3: 청동기시대 연구사 | C3: #6cc0e8
A4: b | B4: 고인돌 종합조사 | C4: #f0a46a
A5: p | B5: 철학적 사유 | C5: #b9a2f2
A6: u | B6: 세종 지역 고인돌 | C6: #8fd6a5
A7: k | B7: 금강 유역 고인돌 | C7: #1e73be
A8: e | B8: 스캔데이터 | C8: #4b6366
A9: n | B9: 명칭 | C9: #f7ca82
A10: d | B10: 거석문화 | C10: #815208
A11: w | B11: 세계의 고인돌 | C11: #FF7F00
A12: r | B12: 칠성바위 | C12: #82f047
A13: s | B13: 바위그림 | C13: #4b6366
A14: m | B14: 성혈 | C14: #fff3c4

Sheet 성혈
A1: 셩혈ID | B1: 직경(mm) | C1: 크기 등급 | D1: 깊이(mm) | E1: 깊이등급 | F1: 위치 (X위치,Y위치,Z위치) | G1: 비고
A2: C01 | B2: 80.3675 | C2: 1 | D2: 21.3874 | E2: 2 | F2: -292.941040,328.487183,-72.369949
A3: C02 | B3: 61.1358 | C3: 2 | D3: 12.7711 | E3: 3 | F3: -195.389369,350.596903,-30.890050
A4: C03 | B4: 52.0832 | C4: 3 | D4: 9.7793 | E4: 4 | F4: 123.254715,342.970062,-212.607346
A5: C04 | B5: 60.0184 | C5: 2 | D5: 23.8691 | E5: 2 | F5: 329.202515,335.423340,-316.891418
A6: C05 | B6: 43.696 | C6: 3 | D6: 13.0195 | E6: 3 | F6: -102.069679,357.611359,225.511978
A7: C06 | B7: 32.8949 | C7: 4 | D7: 8.8471 | E7: 4 | F7: -228.650345,356.427460,155.875198
A8: C07 | B8: 17.8671 | C8: 5 | D8: 4.5896 | E8: 5 | F8: -314.526611,357.206146,184.740692
A9: C08 | B9: 40.9433 | C9: 3 | D9: 16.9342 | E9: 3 | F9: -452.053406,295.734039,455.333832
A10: C09 | B10: 40.2115 | C10: 3 | D10: 15.9508 | E10: 3 | F10: -79.819710,317.816681,445.320709
A11: C10 | B11: 34.2068 | C11: 4 | D11: 20.1902 | E11: 2 | F11: -190.186737,288.035858,509.857300
A12: C11 | B12: 15.8728 | C12: 5 | D12: 8.0549 | E12: 4 | F12: -169.592651,329.602020,417.141998
A13: C12 | B13: 38.5589 | C13: 4 | D13: 7.802 | E13: 4 | F13: -402.091064,344.902313,248.274567
... A47: C46 | B47: 22.6665 | C47: 4 | D47: 11.0665 | E47: 3 | F47: -70.565826,347.532562,358.628204
